                  epoch,         train/box_loss,         train/cls_loss,         train/dfl_loss,   metrics/precision(B),      metrics/recall(B),       metrics/mAP50(B),    metrics/mAP50-95(B),           val/box_loss,           val/cls_loss,           val/dfl_loss,                 lr/pg0,                 lr/pg1,                 lr/pg2
                      1,                 1.6432,                 2.4092,                  1.378,                0.52276,                0.65206,                0.56723,                  0.283,                 1.5568,                 1.9836,                 1.4047,             0.00055332,             0.00055332,             0.00055332
                      2,                 1.5378,                 1.7288,                 1.3095,                0.60472,                0.56381,                0.58738,                0.28899,                 1.6421,                 1.8027,                 1.4674,             0.00088941,             0.00088941,             0.00088941
                      3,                 1.4968,                  1.487,                 1.2902,                0.60786,                0.62068,                0.62907,                0.29507,                 1.6686,                 1.5034,                 1.4403,              0.0010055,              0.0010055,              0.0010055
                      4,                  1.388,                 1.3095,                 1.2394,                0.69891,                0.64454,                0.70166,                0.35435,                 1.5998,                 1.3046,                 1.4325,              0.0006768,              0.0006768,              0.0006768
                      5,                 1.3356,                 1.1485,                 1.2019,                0.74159,                0.68045,                0.74637,                0.39592,                 1.5231,                 1.1663,                 1.3635,             0.00034674,             0.00034674,             0.00034674
